,Solar_Power,Today_GEN_Power,Solar_Voltage,Solar_Current,Line_Voltage,Line_Current,Line_Power,Inverter_Efficiency,Temperature,TTL_GEN_Power,AC_Frequency,RUN_Time,PF,DSP_ver,RUN
15:39:45,-49,-30696,-49,0,0,0,0,0,0,0,0,0,0,0,0
15:39:45,-49,-30696,-49,0,0,0,0,0,0,0,0,0,0,0,0
15:39:45,-49,-30696,-49,0,0,0,0,0,0,0,0,0,0,0,0
15:39:45,-49,-30696,-49,0,0,0,0,0,0,0,0,0,0,0,0
15:39:45,-49,-30696,-49,0,0,0,0,0,0,0,0,0,0,0,0
15:39:45,-49,-30696,-49,0,0,0,0,0,0,0,0,0,0,0,0
15:39:46,-49,-30696,-49,0,0,0,0,0,0,0,0,0,0,0,0
15:39:46,-49,-30696,-50,0,0,0,0,0,0,0,0,0,0,0,0
15:39:46,-50,-30696,-50,0,0,0,0,0,0,0,0,0,0,0,0
15:39:46,-50,-30696,-49,0,0,0,0,0,0,0,0,0,0,0,0
15:39:46,-49,-30696,-49,0,0,0,0,0,0,0,0,0,0,0,0
15:39:47,-49,-30696,-50,0,0,0,0,0,0,0,0,0,0,0,0
15:39:47,-50,-30696,-50,0,0,0,0,0,0,0,0,0,0,0,0
15:39:47,-50,-30696,-50,0,0,0,0,0,0,0,0,0,0,0,0
15:39:47,-50,-30696,-50,0,0,0,0,0,0,0,0,0,0,0,0
15:39:47,-50,-30696,-49,0,0,0,0,0,0,0,0,0,0,0,0
15:39:48,-49,-30696,-49,0,0,0,0,0,0,0,0,0,0,0,0
15:39:48,-48,-30696,-48,0,0,0,0,0,0,0,0,0,0,0,0
15:39:48,-48,-30696,-48,0,0,0,0,0,0,0,0,0,0,0,0
15:39:48,-48,-30696,-48,0,0,0,0,0,0,0,0,0,0,0,0
15:39:48,-48,-30696,-49,0,0,0,0,0,0,0,0,0,0,0,0
15:39:49,-49,-30696,-49,0,0,0,0,0,0,0,0,0,0,0,0
15:39:49,-49,-30696,-49,0,0,0,0,0,0,0,0,0,0,0,0
15:39:49,-49,-30696,-49,0,0,0,0,0,0,0,0,0,0,0,0
15:39:49,-49,-30696,-49,0,0,0,0,0,0,0,0,0,0,0,0
15:39:49,-49,-30696,-49,0,0,0,0,0,0,0,0,0,0,0,0
15:39:50,-50,-30696,-50,0,0,0,0,0,0,0,0,0,0,0,0
15:39:50,-49,-30696,-49,0,0,0,0,0,0,0,0,0,0,0,0
15:39:50,-49,-30696,-49,0,0,0,0,0,0,0,0,0,0,0,0
15:39:50,-50,-30696,-50,0,0,0,0,0,0,0,0,0,0,0,0
15:39:50,-50,-30696,-50,0,0,0,0,0,0,0,0,0,0,0,0
15:39:51,-50,-30696,-50,0,0,0,0,0,0,0,0,0,0,0,0
15:39:51,-50,-30696,-50,0,0,0,0,0,0,0,0,0,0,0,0
15:39:51,-50,-30696,-50,0,0,0,0,0,0,0,0,0,0,0,0
15:39:51,-50,-30696,-50,0,0,0,0,0,0,0,0,0,0,0,0
15:39:51,-49,-30696,-49,0,0,0,0,0,0,0,0,0,0,0,0
15:39:52,-49,-30696,-49,0,0,0,0,0,0,0,0,0,0,0,0
15:39:52,-48,-30696,-49,0,0,0,0,0,0,0,0,0,0,0,0
15:39:52,-49,-30696,-49,0,0,0,0,0,0,0,0,0,0,0,0
15:39:52,-49,-30696,-48,0,0,0,0,0,0,0,0,0,0,0,0
15:39:52,-48,-30696,-48,0,0,0,0,0,0,0,0,0,0,0,0
15:39:53,-48,-30696,-48,0,0,0,0,0,0,0,0,0,0,0,0
15:39:53,-48,-30696,-48,0,0,0,0,0,0,0,0,0,0,0,0
15:39:53,-48,-30696,-49,0,0,0,0,0,0,0,0,0,0,0,0
15:39:53,-49,-30696,-49,0,0,0,0,0,0,0,0,0,0,0,0
15:39:53,-49,-30696,-48,0,0,0,0,0,0,0,0,0,0,0,0
15:39:54,-48,-30696,-48,0,0,0,0,0,0,0,0,0,0,0,0
15:39:54,-49,-30696,-49,0,0,0,0,0,0,0,0,0,0,0,0
15:39:54,-48,-30696,-48,0,0,0,0,0,0,0,0,0,0,0,0
15:39:54,-49,-30696,-49,0,0,0,0,0,0,0,0,0,0,0,0
15:39:54,-50,-30696,-50,0,0,0,0,0,0,0,0,0,0,0,0
15:39:55,-50,-30696,-50,0,0,0,0,0,0,0,0,0,0,0,0
15:39:55,-50,-30696,-49,0,0,0,0,0,0,0,0,0,0,0,0
15:39:55,-49,-30696,-48,0,0,0,0,0,0,0,0,0,0,0,0
15:39:55,-49,-30696,-49,0,0,0,0,0,0,0,0,0,0,0,0
15:39:55,-49,-30696,-49,0,0,0,0,0,0,0,0,0,0,0,0
15:39:56,-49,-30696,-49,0,0,0,0,0,0,0,0,0,0,0,0
15:39:56,-48,-30696,-48,0,0,0,0,0,0,0,0,0,0,0,0
15:39:56,-48,-30696,-48,0,0,0,0,0,0,0,0,0,0,0,0
15:39:56,-48,-30696,-48,0,0,0,0,0,0,0,0,0,0,0,0
15:39:56,-48,-30696,-48,0,0,0,0,0,0,0,0,0,0,0,0
15:39:57,-48,-30696,-48,0,0,0,0,0,0,0,0,0,0,0,0
15:39:57,-48,-30696,-48,0,0,0,0,0,0,0,0,0,0,0,0
15:39:57,-48,-30696,-48,0,0,0,0,0,0,0,0,0,0,0,0
15:39:57,-48,-30696,-48,0,0,0,0,0,0,0,0,0,0,0,0
15:39:57,-48,-30696,-48,0,0,0,0,0,0,0,0,0,0,0,0
15:39:58,-48,-30696,-49,0,0,0,0,0,0,0,0,0,0,0,0
15:39:58,-49,-30696,-49,0,0,0,0,0,0,0,0,0,0,0,0
15:39:58,-48,-30696,-48,0,0,0,0,0,0,0,0,0,0,0,0
15:39:58,-48,-30696,-48,0,0,0,0,0,0,0,0,0,0,0,0
15:39:58,-49,-30696,-49,0,0,0,0,0,0,0,0,0,0,0,0
15:39:59,-49,-30696,-49,0,0,0,0,0,0,0,0,0,0,0,0
15:39:59,-49,-30696,-49,0,0,0,0,0,0,0,0,0,0,0,0
15:39:59,-49,-30696,-48,0,0,0,0,0,0,0,0,0,0,0,0
15:39:59,-48,-30696,-47,0,0,0,0,0,0,0,0,0,0,0,0
15:39:59,-47,-30696,-47,0,0,0,0,0,0,0,0,0,0,0,0
15:40:00,-47,-30696,-47,0,0,0,0,0,0,0,0,0,0,0,0
15:40:00,-47,-30696,-47,0,0,0,0,0,0,0,0,0,0,0,0
15:40:00,-47,-30696,-47,0,0,0,0,0,0,0,0,0,0,0,0
15:40:00,-47,-30696,-47,0,0,0,0,0,0,0,0,0,0,0,0
15:40:00,-48,-30696,-48,0,0,0,0,0,0,0,0,0,0,0,0
15:40:01,-48,-30696,-48,0,0,0,0,0,0,0,0,0,0,0,0
15:40:01,-48,-30696,-48,0,0,0,0,0,0,0,0,0,0,0,0
15:40:01,-48,-30696,-47,0,0,0,0,0,0,0,0,0,0,0,0
15:40:01,-48,-30696,-48,0,0,0,0,0,0,0,0,0,0,0,0
15:40:01,-48,-30696,-49,0,0,0,0,0,0,0,0,0,0,0,0
15:40:02,-49,-30696,-49,0,0,0,0,0,0,0,0,0,0,0,0
15:40:02,-49,-30696,-49,0,0,0,0,0,0,0,0,0,0,0,0
15:40:02,-49,-30696,-49,0,0,0,0,0,0,0,0,0,0,0,0
15:40:02,-49,-30696,-49,0,0,0,0,0,0,0,0,0,0,0,0
15:40:02,-48,-30696,-48,0,0,0,0,0,0,0,0,0,0,0,0
15:40:03,-49,-30696,-49,0,0,0,0,0,0,0,0,0,0,0,0
15:40:03,-49,-30696,-49,0,0,0,0,0,0,0,0,0,0,0,0
15:40:03,-49,-30696,-49,0,0,0,0,0,0,0,0,0,0,0,0
15:40:03,-49,-30696,-50,0,0,0,0,0,0,0,0,0,0,0,0
15:40:03,-49,-30696,-49,0,0,0,0,0,0,0,0,0,0,0,0
15:40:04,-49,-30696,-49,0,0,0,0,0,0,0,0,0,0,0,0
15:40:04,-49,-30696,-49,0,0,0,0,0,0,0,0,0,0,0,0
15:40:04,-49,-30696,-49,0,0,0,0,0,0,0,0,0,0,0,0
15:40:04,-49,-30696,-49,0,0,0,0,0,0,0,0,0,0,0,0
15:40:04,-49,-30696,-49,0,0,0,0,0,0,0,0,0,0,0,0
15:40:05,-49,-30696,-49,0,0,0,0,0,0,0,0,0,0,0,0
15:40:05,-49,-30696,-49,0,0,0,0,0,0,0,0,0,0,0,0
15:40:05,-49,-30696,-49,0,0,0,0,0,0,0,0,0,0,0,0
15:40:05,-49,-30696,-49,0,0,0,0,0,0,0,0,0,0,0,0
15:40:05,-49,-30696,-49,0,0,0,0,0,0,0,0,0,0,0,0
15:40:06,-49,-30696,-49,0,0,0,0,0,0,0,0,0,0,0,0
15:40:06,-49,-30696,-49,0,0,0,0,0,0,0,0,0,0,0,0
15:40:06,-49,-30696,-49,0,0,0,0,0,0,0,0,0,0,0,0
15:40:06,-49,-30696,-50,0,0,0,0,0,0,0,0,0,0,0,0
15:40:06,-50,-30696,-50,0,0,0,0,0,0,0,0,0,0,0,0
15:40:07,-50,-30696,-50,0,0,0,0,0,0,0,0,0,0,0,0
15:40:07,-50,-30696,-50,0,0,0,0,0,0,0,0,0,0,0,0
15:40:07,-50,-30696,-50,0,0,0,0,0,0,0,0,0,0,0,0
15:40:07,-50,-30696,-50,0,0,0,0,0,0,0,0,0,0,0,0
15:40:07,-49,-30696,-49,0,0,0,0,0,0,0,0,0,0,0,0
15:40:08,-49,-30696,-49,0,0,0,0,0,0,0,0,0,0,0,0
15:40:08,-49,-30696,-49,0,0,0,0,0,0,0,0,0,0,0,0
15:40:08,-50,-30696,-50,0,0,0,0,0,0,0,0,0,0,0,0
15:40:08,-50,-30696,-50,0,0,0,0,0,0,0,0,0,0,0,0
15:40:08,-50,-30696,-50,0,0,0,0,0,0,0,0,0,0,0,0
15:40:09,-50,-30696,-50,0,0,0,0,0,0,0,0,0,0,0,0
15:40:09,-50,-30696,-50,0,0,0,0,0,0,0,0,0,0,0,0
15:40:09,-50,-30696,-50,0,0,0,0,0,0,0,0,0,0,0,0
15:40:09,-50,-30696,-50,0,0,0,0,0,0,0,0,0,0,0,0
15:40:10,-50,-30696,-50,0,0,0,0,0,0,0,0,0,0,0,0
15:40:10,-51,-30696,-51,0,0,0,0,0,0,0,0,0,0,0,0
15:40:10,-50,-30696,-50,0,0,0,0,0,0,0,0,0,0,0,0
15:40:10,-50,-30696,-50,0,0,0,0,0,0,0,0,0,0,0,0
15:40:10,-50,-30696,-50,0,0,0,0,0,0,0,0,0,0,0,0
15:40:11,-50,-30696,-50,0,0,0,0,0,0,0,0,0,0,0,0
15:40:11,-50,-30696,-50,0,0,0,0,0,0,0,0,0,0,0,0
15:40:11,-50,-30696,-50,0,0,0,0,0,0,0,0,0,0,0,0
15:40:11,-50,-30696,-50,0,0,0,0,0,0,0,0,0,0,0,0
15:40:11,-50,-30696,-50,0,0,0,0,0,0,0,0,0,0,0,0
15:40:12,-50,-30696,-50,0,0,0,0,0,0,0,0,0,0,0,0
15:40:12,-50,-30696,-50,0,0,0,0,0,0,0,0,0,0,0,0
15:40:12,-50,-30696,-50,0,0,0,0,0,0,0,0,0,0,0,0
15:40:12,-50,-30696,-51,0,0,0,0,0,0,0,0,0,0,0,0
15:40:12,-51,-30696,-51,0,0,0,0,0,0,0,0,0,0,0,0
15:40:13,-51,-30696,-51,0,0,0,0,0,0,0,0,0,0,0,0
15:40:13,-51,-30696,-50,0,0,0,0,0,0,0,0,0,0,0,0
15:40:13,-50,-30696,-50,0,0,0,0,0,0,0,0,0,0,0,0
15:40:13,-50,-30696,-50,0,0,0,0,0,0,0,0,0,0,0,0
15:40:13,-50,-30696,-51,0,0,0,0,0,0,0,0,0,0,0,0
15:40:14,-51,-30696,-51,0,0,0,0,0,0,0,0,0,0,0,0
15:40:14,-51,-30696,-51,0,0,0,0,0,0,0,0,0,0,0,0
15:40:14,-51,-30696,-51,0,0,0,0,0,0,0,0,0,0,0,0
15:40:14,-51,-30696,-50,0,0,0,0,0,0,0,0,0,0,0,0
15:40:14,-50,-30696,-50,0,0,0,0,0,0,0,0,0,0,0,0
15:40:15,-50,-30696,-50,0,0,0,0,0,0,0,0,0,0,0,0
15:40:15,-50,-30696,-50,0,0,0,0,0,0,0,0,0,0,0,0
15:40:15,-50,-30696,-50,0,0,0,0,0,0,0,0,0,0,0,0
15:40:15,-50,-30696,-51,0,0,0,0,0,0,0,0,0,0,0,0
15:40:15,-50,-30696,-51,0,0,0,0,0,0,0,0,0,0,0,0
15:40:16,-51,-30696,-51,0,0,0,0,0,0,0,0,0,0,0,0
15:40:16,-51,-30696,-51,0,0,0,0,0,0,0,0,0,0,0,0
15:40:16,-51,-30696,-51,0,0,0,0,0,0,0,0,0,0,0,0
15:40:16,-51,-30696,-51,0,0,0,0,0,0,0,0,0,0,0,0
15:40:16,-50,-30696,-50,0,0,0,0,0,0,0,0,0,0,0,0
15:40:17,-50,-30696,-50,0,0,0,0,0,0,0,0,0,0,0,0
15:40:17,-50,-30696,-50,0,0,0,0,0,0,0,0,0,0,0,0
15:40:17,-50,-30696,-50,0,0,0,0,0,0,0,0,0,0,0,0
15:40:17,-51,-30696,-50,0,0,0,0,0,0,0,0,0,0,0,0
15:40:17,-51,-30696,-51,0,0,0,0,0,0,0,0,0,0,0,0
15:40:18,-51,-30696,-51,0,0,0,0,0,0,0,0,0,0,0,0
15:40:18,-51,-30696,-51,0,0,0,0,0,0,0,0,0,0,0,0
15:40:18,-51,-30696,-51,0,0,0,0,0,0,0,0,0,0,0,0
15:40:18,-51,-30696,-50,0,0,0,0,0,0,0,0,0,0,0,0
15:40:18,-50,-30696,-50,0,0,0,0,0,0,0,0,0,0,0,0
15:40:19,-50,-30696,-51,0,0,0,0,0,0,0,0,0,0,0,0
15:40:19,-51,-30696,-51,0,0,0,0,0,0,0,0,0,0,0,0
15:40:19,-51,-30696,-51,0,0,0,0,0,0,0,0,0,0,0,0
15:40:19,-51,-30696,-51,0,0,0,0,0,0,0,0,0,0,0,0
15:40:19,-51,-30696,-51,0,0,0,0,0,0,0,0,0,0,0,0
15:40:20,-51,-30696,-51,0,0,0,0,0,0,0,0,0,0,0,0
15:40:20,-51,-30696,-51,0,0,0,0,0,0,0,0,0,0,0,0
15:40:20,-51,-30696,-51,0,0,0,0,0,0,0,0,0,0,0,0
15:40:20,-51,-30696,-51,0,0,0,0,0,0,0,0,0,0,0,0
15:40:20,-51,-30696,-51,0,0,0,0,0,0,0,0,0,0,0,0
15:40:21,-51,-30696,-51,0,0,0,0,0,0,0,0,0,0,0,0
15:40:21,-51,-30696,-51,0,0,0,0,0,0,0,0,0,0,0,0
15:40:21,-51,-30696,-51,0,0,0,0,0,0,0,0,0,0,0,0
15:40:21,-51,-30696,-51,0,0,0,0,0,0,0,0,0,0,0,0
15:40:21,-51,-30696,-51,0,0,0,0,0,0,0,0,0,0,0,0
15:40:22,-51,-30696,-51,0,0,0,0,0,0,0,0,0,0,0,0
15:40:22,-51,-30696,-51,0,0,0,0,0,0,0,0,0,0,0,0
15:40:22,-52,-30696,-52,0,0,0,0,0,0,0,0,0,0,0,0
15:40:22,-52,-30696,-52,0,0,0,0,0,0,0,0,0,0,0,0
15:40:22,-51,-30696,-51,0,0,0,0,0,0,0,0,0,0,0,0
15:40:23,-51,-30696,-51,0,0,0,0,0,0,0,0,0,0,0,0
15:40:23,-51,-30696,-51,0,0,0,0,0,0,0,0,0,0,0,0
15:40:23,-51,-30696,-51,0,0,0,0,0,0,0,0,0,0,0,0
15:40:23,-51,-30696,-51,0,0,0,0,0,0,0,0,0,0,0,0
15:40:23,-51,-30696,-51,0,0,0,0,0,0,0,0,0,0,0,0
15:40:24,-51,-30696,-51,0,0,0,0,0,0,0,0,0,0,0,0
15:40:24,-51,-30696,-51,0,0,0,0,0,0,0,0,0,0,0,0
15:40:24,-51,-30696,-51,0,0,0,0,0,0,0,0,0,0,0,0
15:40:24,-52,-30696,-52,0,0,0,0,0,0,0,0,0,0,0,0
15:40:24,-52,-30696,-52,0,0,0,0,0,0,0,0,0,0,0,0
15:40:25,-52,-30696,-52,0,0,0,0,0,0,0,0,0,0,0,0
15:40:25,-52,-30696,-52,0,0,0,0,0,0,0,0,0,0,0,0
15:40:25,-52,-30696,-52,0,0,0,0,0,0,0,0,0,0,0,0
15:40:25,-52,-30696,-52,0,0,0,0,0,0,0,0,0,0,0,0
15:40:25,-52,-30696,-51,0,0,0,0,0,0,0,0,0,0,0,0
15:40:26,-51,-30696,-51,0,0,0,0,0,0,0,0,0,0,0,0
15:40:26,-51,-30696,-52,0,0,0,0,0,0,0,0,0,0,0,0
15:40:26,-52,-30696,-52,0,0,0,0,0,0,0,0,0,0,0,0
15:40:26,-52,-30696,-52,0,0,0,0,0,0,0,0,0,0,0,0
15:40:26,-51,-30696,-51,0,0,0,0,0,0,0,0,0,0,0,0
15:40:27,-51,-30696,-51,0,0,0,0,0,0,0,0,0,0,0,0
15:40:27,-51,-30696,-52,0,0,0,0,0,0,0,0,0,0,0,0
15:40:27,-52,-30696,-51,0,0,0,0,0,0,0,0,0,0,0,0
15:40:27,-51,-30696,-51,0,0,0,0,0,0,0,0,0,0,0,0
15:40:27,-51,-30696,-51,0,0,0,0,0,0,0,0,0,0,0,0
15:40:28,-51,-30696,-51,0,0,0,0,0,0,0,0,0,0,0,0
15:40:28,-51,-30696,-51,0,0,0,0,0,0,0,0,0,0,0,0
15:40:28,-51,-30696,-51,0,0,0,0,0,0,0,0,0,0,0,0
15:40:28,-51,-30696,-51,0,0,0,0,0,0,0,0,0,0,0,0
15:40:28,-51,-30696,-51,0,0,0,0,0,0,0,0,0,0,0,0
15:40:29,-51,-30696,-51,0,0,0,0,0,0,0,0,0,0,0,0
15:40:29,-51,-30696,-51,0,0,0,0,0,0,0,0,0,0,0,0
15:40:29,-51,-30696,-50,0,0,0,0,0,0,0,0,0,0,0,0
15:40:29,-50,-30696,-51,0,0,0,0,0,0,0,0,0,0,0,0
15:40:29,-51,-30696,-52,0,0,0,0,0,0,0,0,0,0,0,0
15:40:30,-52,-30696,-51,0,0,0,0,0,0,0,0,0,0,0,0
15:40:30,-51,-30696,-51,0,0,0,0,0,0,0,0,0,0,0,0
15:40:30,-51,-30696,-52,0,0,0,0,0,0,0,0,0,0,0,0
15:40:30,-52,-30696,-52,0,0,0,0,0,0,0,0,0,0,0,0
15:40:30,-52,-30696,-51,0,0,0,0,0,0,0,0,0,0,0,0
15:40:31,-51,-30696,-51,0,0,0,0,0,0,0,0,0,0,0,0
15:40:31,-51,-30696,-52,0,0,0,0,0,0,0,0,0,0,0,0
15:40:31,-52,-30696,-52,0,0,0,0,0,0,0,0,0,0,0,0
15:40:31,-51,-30696,-51,0,0,0,0,0,0,0,0,0,0,0,0
15:40:31,-51,-30696,-51,0,0,0,0,0,0,0,0,0,0,0,0
15:40:32,-51,-30696,-51,0,0,0,0,0,0,0,0,0,0,0,0
15:40:32,-51,-30696,-52,0,0,0,0,0,0,0,0,0,0,0,0
15:40:32,-52,-30696,-52,0,0,0,0,0,0,0,0,0,0,0,0
15:40:32,-52,-30696,-52,0,0,0,0,0,0,0,0,0,0,0,0
15:40:32,-52,-30696,-51,0,0,0,0,0,0,0,0,0,0,0,0
15:40:33,-52,-30696,-52,0,0,0,0,0,0,0,0,0,0,0,0
15:40:33,-52,-30696,-52,0,0,0,0,0,0,0,0,0,0,0,0
15:40:33,-52,-30696,-52,0,0,0,0,0,0,0,0,0,0,0,0
15:40:33,-52,-30696,-51,0,0,0,0,0,0,0,0,0,0,0,0
15:40:33,-51,-30696,-51,0,0,0,0,0,0,0,0,0,0,0,0
15:40:34,-51,-30696,-52,0,0,0,0,0,0,0,0,0,0,0,0
15:40:34,-52,-30696,-52,0,0,0,0,0,0,0,0,0,0,0,0
15:40:34,-52,-30696,-52,0,0,0,0,0,0,0,0,0,0,0,0
15:40:34,-52,-30696,-52,0,0,0,0,0,0,0,0,0,0,0,0
15:40:34,-52,-30696,-52,0,0,0,0,0,0,0,0,0,0,0,0
15:40:35,-52,-30696,-52,0,0,0,0,0,0,0,0,0,0,0,0
15:40:35,-53,-30696,-53,0,0,0,0,0,0,0,0,0,0,0,0
15:40:35,-52,-30696,-52,0,0,0,0,0,0,0,0,0,0,0,0
15:40:35,-52,-30696,-52,0,0,0,0,0,0,0,0,0,0,0,0
15:40:35,-52,-30696,-52,0,0,0,0,0,0,0,0,0,0,0,0
15:40:36,-52,-30696,-52,0,0,0,0,0,0,0,0,0,0,0,0
15:40:36,-52,-30696,-52,0,0,0,0,0,0,0,0,0,0,0,0
15:40:36,-52,-30696,-52,0,0,0,0,0,0,0,0,0,0,0,0
15:40:36,-52,-30696,-52,0,0,0,0,0,0,0,0,0,0,0,0
15:40:36,-52,-30696,-52,0,0,0,0,0,0,0,0,0,0,0,0
15:40:37,-52,-30696,-52,0,0,0,0,0,0,0,0,0,0,0,0
15:40:37,-52,-30696,-52,0,0,0,0,0,0,0,0,0,0,0,0
15:40:37,-51,-30696,-51,0,0,0,0,0,0,0,0,0,0,0,0
15:40:37,-51,-30696,-51,0,0,0,0,0,0,0,0,0,0,0,0
15:40:37,-51,-30696,-51,0,0,0,0,0,0,0,0,0,0,0,0
15:40:38,-51,-30696,-51,0,0,0,0,0,0,0,0,0,0,0,0
15:40:38,-52,-30696,-52,0,0,0,0,0,0,0,0,0,0,0,0
15:40:38,-52,-30696,-52,0,0,0,0,0,0,0,0,0,0,0,0
15:40:38,-52,-30696,-52,0,0,0,0,0,0,0,0,0,0,0,0
15:40:38,-51,-30696,-51,0,0,0,0,0,0,0,0,0,0,0,0
15:40:39,-51,-30696,-51,0,0,0,0,0,0,0,0,0,0,0,0
15:40:39,-51,-30696,-51,0,0,0,0,0,0,0,0,0,0,0,0
15:40:39,-52,-30696,-52,0,0,0,0,0,0,0,0,0,0,0,0
15:40:39,-52,-30696,-52,0,0,0,0,0,0,0,0,0,0,0,0
15:40:39,-52,-30696,-52,0,0,0,0,0,0,0,0,0,0,0,0
15:40:40,-52,-30696,-52,0,0,0,0,0,0,0,0,0,0,0,0
15:40:40,-52,-30696,-52,0,0,0,0,0,0,0,0,0,0,0,0
15:40:40,-52,-30696,-52,0,0,0,0,0,0,0,0,0,0,0,0
15:40:40,-51,-30696,-51,0,0,0,0,0,0,0,0,0,0,0,0
15:40:40,-51,-30696,-51,0,0,0,0,0,0,0,0,0,0,0,0
15:40:41,-51,-30696,-52,0,0,0,0,0,0,0,0,0,0,0,0
15:40:41,-52,-30696,-52,0,0,0,0,0,0,0,0,0,0,0,0
15:40:41,-52,-30696,-52,0,0,0,0,0,0,0,0,0,0,0,0
15:40:41,-52,-30696,-52,0,0,0,0,0,0,0,0,0,0,0,0
15:40:41,-51,-30696,-51,0,0,0,0,0,0,0,0,0,0,0,0
15:40:42,-51,-30696,-52,0,0,0,0,0,0,0,0,0,0,0,0
15:40:42,-52,-30696,-52,0,0,0,0,0,0,0,0,0,0,0,0
15:40:42,-52,-30696,-52,0,0,0,0,0,0,0,0,0,0,0,0
15:40:42,-51,-30696,-51,0,0,0,0,0,0,0,0,0,0,0,0
15:40:42,-51,-30696,-51,0,0,0,0,0,0,0,0,0,0,0,0
15:40:43,-52,-30696,-52,0,0,0,0,0,0,0,0,0,0,0,0
15:40:43,-52,-30696,-52,0,0,0,0,0,0,0,0,0,0,0,0
15:40:43,-52,-30696,-52,0,0,0,0,0,0,0,0,0,0,0,0
15:40:43,-52,-30696,-52,0,0,0,0,0,0,0,0,0,0,0,0
15:40:43,-52,-30696,-52,0,0,0,0,0,0,0,0,0,0,0,0
15:40:44,-52,-30696,-52,0,0,0,0,0,0,0,0,0,0,0,0
15:40:44,-52,-30696,-52,0,0,0,0,0,0,0,0,0,0,0,0
15:40:44,-52,-30696,-52,0,0,0,0,0,0,0,0,0,0,0,0
15:40:44,-52,-30696,-52,0,0,0,0,0,0,0,0,0,0,0,0
15:40:44,-52,-30696,-51,0,0,0,0,0,0,0,0,0,0,0,0
15:40:45,-52,-30696,-52,0,0,0,0,0,0,0,0,0,0,0,0
15:40:45,-52,-30696,-52,0,0,0,0,0,0,0,0,0,0,0,0
15:40:45,-52,-30696,-52,0,0,0,0,0,0,0,0,0,0,0,0
15:40:45,-53,-30696,-53,0,0,0,0,0,0,0,0,0,0,0,0
15:40:45,-52,-30696,-52,0,0,0,0,0,0,0,0,0,0,0,0
15:40:46,-52,-30696,-51,0,0,0,0,0,0,0,0,0,0,0,0
15:40:46,-51,-30696,-51,0,0,0,0,0,0,0,0,0,0,0,0
15:40:46,-51,-30696,-51,0,0,0,0,0,0,0,0,0,0,0,0
15:40:46,-51,-30696,-51,0,0,0,0,0,0,0,0,0,0,0,0
15:40:46,-51,-30696,-51,0,0,0,0,0,0,0,0,0,0,0,0
15:40:47,-52,-30696,-52,0,0,0,0,0,0,0,0,0,0,0,0
15:40:47,-52,-30696,-52,0,0,0,0,0,0,0,0,0,0,0,0
15:40:47,-53,-30696,-53,0,0,0,0,0,0,0,0,0,0,0,0
15:40:47,-52,-30696,-52,0,0,0,0,0,0,0,0,0,0,0,0
15:40:47,-52,-30696,-52,0,0,0,0,0,0,0,0,0,0,0,0
15:40:48,-52,-30696,-52,0,0,0,0,0,0,0,0,0,0,0,0
15:40:48,-52,-30696,-52,0,0,0,0,0,0,0,0,0,0,0,0
15:40:48,-51,-30696,-52,0,0,0,0,0,0,0,0,0,0,0,0
15:40:48,-52,-30696,-52,0,0,0,0,0,0,0,0,0,0,0,0
15:40:48,-52,-30696,-52,0,0,0,0,0,0,0,0,0,0,0,0
15:40:49,-52,-30696,-52,0,0,0,0,0,0,0,0,0,0,0,0
15:40:49,-52,-30696,-52,0,0,0,0,0,0,0,0,0,0,0,0
15:40:49,-52,-30696,-52,0,0,0,0,0,0,0,0,0,0,0,0
15:40:49,-52,-30696,-52,0,0,0,0,0,0,0,0,0,0,0,0
15:40:49,-52,-30696,-52,0,0,0,0,0,0,0,0,0,0,0,0
15:40:50,-52,-30696,-53,0,0,0,0,0,0,0,0,0,0,0,0
15:40:50,-53,-30696,-53,0,0,0,0,0,0,0,0,0,0,0,0
15:40:50,-53,-30696,-53,0,0,0,0,0,0,0,0,0,0,0,0
15:40:50,-53,-30696,-53,0,0,0,0,0,0,0,0,0,0,0,0
15:40:50,-53,-30696,-53,0,0,0,0,0,0,0,0,0,0,0,0
15:40:51,-53,-30696,-53,0,0,0,0,0,0,0,0,0,0,0,0
15:40:51,-53,-30696,-53,0,0,0,0,0,0,0,0,0,0,0,0
15:40:51,-53,-30696,-53,0,0,0,0,0,0,0,0,0,0,0,0
15:40:51,-53,-30696,-53,0,0,0,0,0,0,0,0,0,0,0,0
15:40:51,-53,-30696,-53,0,0,0,0,0,0,0,0,0,0,0,0
15:40:52,-53,-30696,-53,0,0,0,0,0,0,0,0,0,0,0,0
15:40:52,-53,-30696,-53,0,0,0,0,0,0,0,0,0,0,0,0
15:40:52,-54,-30696,-53,0,0,0,0,0,0,0,0,0,0,0,0
15:40:52,-53,-30696,-53,0,0,0,0,0,0,0,0,0,0,0,0
15:40:52,-53,-30696,-53,0,0,0,0,0,0,0,0,0,0,0,0
15:40:53,-53,-30696,-53,0,0,0,0,0,0,0,0,0,0,0,0
15:40:53,-53,-30696,-53,0,0,0,0,0,0,0,0,0,0,0,0
15:40:53,-53,-30696,-53,0,0,0,0,0,0,0,0,0,0,0,0
15:40:53,-54,-30696,-54,0,0,0,0,0,0,0,0,0,0,0,0
15:40:53,-54,-30696,-54,0,0,0,0,0,0,0,0,0,0,0,0
15:40:54,-54,-30696,-54,0,0,0,0,0,0,0,0,0,0,0,0
15:40:54,-54,-30696,-53,0,0,0,0,0,0,0,0,0,0,0,0
15:40:54,-53,-30696,-53,0,0,0,0,0,0,0,0,0,0,0,0
15:40:54,-53,-30696,-53,0,0,0,0,0,0,0,0,0,0,0,0
15:40:54,-53,-30696,-53,0,0,0,0,0,0,0,0,0,0,0,0
15:40:55,-53,-30696,-53,0,0,0,0,0,0,0,0,0,0,0,0
15:40:55,-54,-30696,-54,0,0,0,0,0,0,0,0,0,0,0,0
15:40:55,-54,-30696,-54,0,0,0,0,0,0,0,0,0,0,0,0
15:40:55,-54,-30696,-54,0,0,0,0,0,0,0,0,0,0,0,0
15:40:55,-55,-30696,-55,0,0,0,0,0,0,0,0,0,0,0,0
15:40:56,-55,-30696,-54,0,0,0,0,0,0,0,0,0,0,0,0
15:40:56,-54,-30696,-54,0,0,0,0,0,0,0,0,0,0,0,0
15:40:56,-54,-30696,-54,0,0,0,0,0,0,0,0,0,0,0,0
15:40:56,-54,-30696,-55,0,0,0,0,0,0,0,0,0,0,0,0
15:40:56,-55,-30696,-55,0,0,0,0,0,0,0,0,0,0,0,0
15:40:57,-55,-30696,-55,0,0,0,0,0,0,0,0,0,0,0,0
15:40:57,-55,-30696,-55,0,0,0,0,0,0,0,0,0,0,0,0
15:40:57,-55,-30696,-54,0,0,0,0,0,0,0,0,0,0,0,0
15:40:57,-54,-30696,-54,0,0,0,0,0,0,0,0,0,0,0,0
15:40:57,-55,-30696,-55,0,0,0,0,0,0,0,0,0,0,0,0
15:40:58,-55,-30696,-54,0,0,0,0,0,0,0,0,0,0,0,0
15:40:58,-54,-30696,-54,0,0,0,0,0,0,0,0,0,0,0,0
15:40:58,-53,-30696,-54,0,0,0,0,0,0,0,0,0,0,0,0
15:40:58,-54,-30696,-54,0,0,0,0,0,0,0,0,0,0,0,0
15:40:58,-54,-30696,-54,0,0,0,0,0,0,0,0,0,0,0,0
15:40:59,-54,-30696,-53,0,0,0,0,0,0,0,0,0,0,0,0
15:40:59,-53,-30696,-53,0,0,0,0,0,0,0,0,0,0,0,0
15:40:59,-53,-30696,-53,0,0,0,0,0,0,0,0,0,0,0,0
15:40:59,-53,-30696,-54,0,0,0,0,0,0,0,0,0,0,0,0
15:40:59,-54,-30696,-54,0,0,0,0,0,0,0,0,0,0,0,0
15:41:00,-54,-30696,-54,0,0,0,0,0,0,0,0,0,0,0,0
15:41:00,-55,-30696,-55,0,0,0,0,0,0,0,0,0,0,0,0
15:41:00,-55,-30696,-55,0,0,0,0,0,0,0,0,0,0,0,0
15:41:00,-55,-30696,-55,0,0,0,0,0,0,0,0,0,0,0,0
15:41:00,-55,-30696,-54,0,0,0,0,0,0,0,0,0,0,0,0
15:41:01,-54,-30696,-54,0,0,0,0,0,0,0,0,0,0,0,0
15:41:01,-54,-30696,-54,0,0,0,0,0,0,0,0,0,0,0,0
15:41:01,-54,-30696,-54,0,0,0,0,0,0,0,0,0,0,0,0
15:41:01,-55,-30696,-55,0,0,0,0,0,0,0,0,0,0,0,0
15:41:01,-55,-30696,-55,0,0,0,0,0,0,0,0,0,0,0,0
15:41:02,-55,-30696,-55,0,0,0,0,0,0,0,0,0,0,0,0
15:41:02,-55,-30696,-55,0,0,0,0,0,0,0,0,0,0,0,0
15:41:02,-54,-30696,-54,0,0,0,0,0,0,0,0,0,0,0,0
15:41:02,-54,-30696,-54,0,0,0,0,0,0,0,0,0,0,0,0
15:41:02,-55,-30696,-55,0,0,0,0,0,0,0,0,0,0,0,0
15:41:03,-55,-30696,-54,0,0,0,0,0,0,0,0,0,0,0,0
15:41:03,-54,-30696,-54,0,0,0,0,0,0,0,0,0,0,0,0
15:41:03,-55,-30696,-55,0,0,0,0,0,0,0,0,0,0,0,0
15:41:03,-55,-30696,-55,0,0,0,0,0,0,0,0,0,0,0,0
15:41:03,-55,-30696,-55,0,0,0,0,0,0,0,0,0,0,0,0
15:41:04,-54,-30696,-55,0,0,0,0,0,0,0,0,0,0,0,0
15:41:04,-55,-30696,-55,0,0,0,0,0,0,0,0,0,0,0,0
15:41:04,-55,-30696,-56,0,0,0,0,0,0,0,0,0,0,0,0
15:41:04,-55,-30696,-55,0,0,0,0,0,0,0,0,0,0,0,0
15:41:04,-55,-30696,-55,0,0,0,0,0,0,0,0,0,0,0,0
15:41:05,-56,-30696,-56,0,0,0,0,0,0,0,0,0,0,0,0
15:41:05,-55,-30696,-55,0,0,0,0,0,0,0,0,0,0,0,0
15:41:05,-55,-30696,-55,0,0,0,0,0,0,0,0,0,0,0,0
15:41:05,-56,-30696,-56,0,0,0,0,0,0,0,0,0,0,0,0
15:41:05,-56,-30696,-56,0,0,0,0,0,0,0,0,0,0,0,0
15:41:06,-57,-30696,-56,0,0,0,0,0,0,0,0,0,0,0,0
15:41:06,-56,-30696,-56,0,0,0,0,0,0,0,0,0,0,0,0
15:41:06,-55,-30696,-55,0,0,0,0,0,0,0,0,0,0,0,0
15:41:06,-56,-30696,-56,0,0,0,0,0,0,0,0,0,0,0,0
15:41:06,-56,-30696,-56,0,0,0,0,0,0,0,0,0,0,0,0
15:41:07,-57,-30696,-57,0,0,0,0,0,0,0,0,0,0,0,0
15:41:07,-57,-30696,-56,0,0,0,0,0,0,0,0,0,0,0,0
15:41:07,-56,-30696,-55,0,0,0,0,0,0,0,0,0,0,0,0
15:41:07,-55,-30696,-55,0,0,0,0,0,0,0,0,0,0,0,0
15:41:07,-55,-30696,-56,0,0,0,0,0,0,0,0,0,0,0,0
15:41:08,-56,-30696,-57,0,0,0,0,0,0,0,0,0,0,0,0
15:41:08,-57,-30696,-57,0,0,0,0,0,0,0,0,0,0,0,0
15:41:08,-57,-30696,-57,0,0,0,0,0,0,0,0,0,0,0,0
15:41:08,-57,-30696,-57,0,0,0,0,0,0,0,0,0,0,0,0
15:41:08,-57,-30696,-57,0,0,0,0,0,0,0,0,0,0,0,0
15:41:09,-56,-30696,-56,0,0,0,0,0,0,0,0,0,0,0,0
15:41:09,-56,-30696,-56,0,0,0,0,0,0,0,0,0,0,0,0
15:41:09,-57,-30696,-57,0,0,0,0,0,0,0,0,0,0,0,0
15:41:09,-57,-30696,-57,0,0,0,0,0,0,0,0,0,0,0,0
15:41:09,-56,-30696,-56,0,0,0,0,0,0,0,0,0,0,0,0
15:41:10,-56,-30696,-56,0,0,0,0,0,0,0,0,0,0,0,0
15:41:10,-57,-30696,-57,0,0,0,0,0,0,0,0,0,0,0,0
15:41:10,-57,-30696,-57,0,0,0,0,0,0,0,0,0,0,0,0
15:41:10,-57,-30696,-57,0,0,0,0,0,0,0,0,0,0,0,0
15:41:10,-56,-30696,-57,0,0,0,0,0,0,0,0,0,0,0,0
15:41:11,-57,-30696,-57,0,0,0,0,0,0,0,0,0,0,0,0
15:41:11,-57,-30696,-57,0,0,0,0,0,0,0,0,0,0,0,0
15:41:11,-57,-30696,-56,0,0,0,0,0,0,0,0,0,0,0,0
15:41:11,-56,-30696,-56,0,0,0,0,0,0,0,0,0,0,0,0
15:41:11,-56,-30696,-56,0,0,0,0,0,0,0,0,0,0,0,0
15:41:12,-56,-30696,-56,0,0,0,0,0,0,0,0,0,0,0,0
15:41:12,-56,-30696,-56,0,0,0,0,0,0,0,0,0,0,0,0
15:41:12,-57,-30696,-57,0,0,0,0,0,0,0,0,0,0,0,0
15:41:12,-57,-30696,-56,0,0,0,0,0,0,0,0,0,0,0,0
15:41:12,-56,-30696,-56,0,0,0,0,0,0,0,0,0,0,0,0
15:41:13,-56,-30696,-56,0,0,0,0,0,0,0,0,0,0,0,0
15:41:13,-56,-30696,-56,0,0,0,0,0,0,0,0,0,0,0,0
15:41:13,-56,-30696,-57,0,0,0,0,0,0,0,0,0,0,0,0
15:41:13,-57,-30696,-56,0,0,0,0,0,0,0,0,0,0,0,0
15:41:13,-56,-30696,-56,0,0,0,0,0,0,0,0,0,0,0,0
15:41:14,-56,-30696,-56,0,0,0,0,0,0,0,0,0,0,0,0
15:41:14,-57,-30696,-57,0,0,0,0,0,0,0,0,0,0,0,0
15:41:14,-56,-30696,-56,0,0,0,0,0,0,0,0,0,0,0,0
15:41:14,-57,-30696,-57,0,0,0,0,0,0,0,0,0,0,0,0
15:41:14,-57,-30696,-57,0,0,0,0,0,0,0,0,0,0,0,0
15:41:15,-57,-30696,-57,0,0,0,0,0,0,0,0,0,0,0,0
15:41:15,-57,-30696,-57,0,0,0,0,0,0,0,0,0,0,0,0
15:41:15,-57,-30696,-57,0,0,0,0,0,0,0,0,0,0,0,0
15:41:15,-57,-30696,-57,0,0,0,0,0,0,0,0,0,0,0,0
15:41:15,-57,-30696,-57,0,0,0,0,0,0,0,0,0,0,0,0
15:41:16,-57,-30696,-57,0,0,0,0,0,0,0,0,0,0,0,0
15:41:16,-57,-30696,-57,0,0,0,0,0,0,0,0,0,0,0,0
15:41:16,-57,-30696,-57,0,0,0,0,0,0,0,0,0,0,0,0
15:41:16,-57,-30696,-57,0,0,0,0,0,0,0,0,0,0,0,0
15:41:16,-57,-30696,-57,0,0,0,0,0,0,0,0,0,0,0,0
15:41:17,-57,-30696,-57,0,0,0,0,0,0,0,0,0,0,0,0
15:41:17,-57,-30696,-57,0,0,0,0,0,0,0,0,0,0,0,0
15:41:17,-56,-30696,-56,0,0,0,0,0,0,0,0,0,0,0,0
15:41:17,-56,-30696,-56,0,0,0,0,0,0,0,0,0,0,0,0
15:41:17,-56,-30696,-56,0,0,0,0,0,0,0,0,0,0,0,0
15:41:18,-56,-30696,-56,0,0,0,0,0,0,0,0,0,0,0,0
15:41:18,-56,-30696,-57,0,0,0,0,0,0,0,0,0,0,0,0
15:41:18,-57,-30696,-57,0,0,0,0,0,0,0,0,0,0,0,0
15:41:18,-56,-30696,-56,0,0,0,0,0,0,0,0,0,0,0,0
15:41:18,-56,-30696,-56,0,0,0,0,0,0,0,0,0,0,0,0
15:41:19,-56,-30696,-55,0,0,0,0,0,0,0,0,0,0,0,0
15:41:19,-55,-30696,-55,0,0,0,0,0,0,0,0,0,0,0,0
15:41:19,-55,-30696,-55,0,0,0,0,0,0,0,0,0,0,0,0
15:41:19,-56,-30696,-56,0,0,0,0,0,0,0,0,0,0,0,0
15:41:19,-56,-30696,-56,0,0,0,0,0,0,0,0,0,0,0,0
15:41:20,-56,-30696,-56,0,0,0,0,0,0,0,0,0,0,0,0
15:41:20,-55,-30696,-55,0,0,0,0,0,0,0,0,0,0,0,0
15:41:20,-55,-30696,-55,0,0,0,0,0,0,0,0,0,0,0,0
15:41:20,-55,-30696,-55,0,0,0,0,0,0,0,0,0,0,0,0
15:41:20,-56,-30696,-56,0,0,0,0,0,0,0,0,0,0,0,0
15:41:21,-56,-30696,-56,0,0,0,0,0,0,0,0,0,0,0,0
15:41:21,-56,-30696,-57,0,0,0,0,0,0,0,0,0,0,0,0
15:41:21,-57,-30696,-57,0,0,0,0,0,0,0,0,0,0,0,0
15:41:21,-57,-30696,-57,0,0,0,0,0,0,0,0,0,0,0,0
15:41:21,-57,-30696,-57,0,0,0,0,0,0,0,0,0,0,0,0
15:41:22,-57,-30696,-57,0,0,0,0,0,0,0,0,0,0,0,0
15:41:22,-57,-30696,-57,0,0,0,0,0,0,0,0,0,0,0,0
15:41:22,-56,-30696,-56,0,0,0,0,0,0,0,0,0,0,0,0
15:41:22,-57,-30696,-57,0,0,0,0,0,0,0,0,0,0,0,0
15:41:22,-57,-30696,-57,0,0,0,0,0,0,0,0,0,0,0,0
15:41:23,-56,-30696,-56,0,0,0,0,0,0,0,0,0,0,0,0
15:41:23,-56,-30696,-56,0,0,0,0,0,0,0,0,0,0,0,0
15:41:23,-56,-30696,-57,0,0,0,0,0,0,0,0,0,0,0,0
15:41:23,-57,-30696,-57,0,0,0,0,0,0,0,0,0,0,0,0
15:41:23,-58,-30696,-58,0,0,0,0,0,0,0,0,0,0,0,0
15:41:24,-57,-30696,-57,0,0,0,0,0,0,0,0,0,0,0,0
15:41:24,-57,-30696,-56,0,0,0,0,0,0,0,0,0,0,0,0
15:41:24,-57,-30696,-57,0,0,0,0,0,0,0,0,0,0,0,0
15:41:24,-57,-30696,-57,0,0,0,0,0,0,0,0,0,0,0,0
15:41:24,-57,-30696,-58,0,0,0,0,0,0,0,0,0,0,0,0
15:41:25,-57,-30696,-57,0,0,0,0,0,0,0,0,0,0,0,0
15:41:25,-57,-30696,-57,0,0,0,0,0,0,0,0,0,0,0,0
15:41:25,-57,-30696,-58,0,0,0,0,0,0,0,0,0,0,0,0
15:41:25,-58,-30696,-57,0,0,0,0,0,0,0,0,0,0,0,0
15:41:25,-57,-30696,-56,0,0,0,0,0,0,0,0,0,0,0,0
15:41:26,-56,-30696,-57,0,0,0,0,0,0,0,0,0,0,0,0
15:41:26,-57,-30696,-58,0,0,0,0,0,0,0,0,0,0,0,0
15:41:26,-57,-30696,-57,0,0,0,0,0,0,0,0,0,0,0,0
15:41:26,-57,-30696,-57,0,0,0,0,0,0,0,0,0,0,0,0
15:41:26,-57,-30696,-57,0,0,0,0,0,0,0,0,0,0,0,0
15:41:27,-57,-30696,-57,0,0,0,0,0,0,0,0,0,0,0,0
15:41:27,-57,-30696,-57,0,0,0,0,0,0,0,0,0,0,0,0
15:41:27,-57,-30696,-57,0,0,0,0,0,0,0,0,0,0,0,0
15:41:27,-57,-30696,-56,0,0,0,0,0,0,0,0,0,0,0,0
15:41:27,-57,-30696,-57,0,0,0,0,0,0,0,0,0,0,0,0
15:41:28,-57,-30696,-57,0,0,0,0,0,0,0,0,0,0,0,0
15:41:28,-57,-30696,-57,0,0,0,0,0,0,0,0,0,0,0,0
15:41:28,-57,-30696,-56,0,0,0,0,0,0,0,0,0,0,0,0
15:41:28,-56,-30696,-57,0,0,0,0,0,0,0,0,0,0,0,0
15:41:28,-57,-30696,-57,0,0,0,0,0,0,0,0,0,0,0,0
15:41:29,-57,-30696,-57,0,0,0,0,0,0,0,0,0,0,0,0
15:41:29,-56,-30696,-56,0,0,0,0,0,0,0,0,0,0,0,0
15:41:29,-56,-30696,-56,0,0,0,0,0,0,0,0,0,0,0,0
15:41:29,-56,-30696,-57,0,0,0,0,0,0,0,0,0,0,0,0
15:41:29,-57,-30696,-57,0,0,0,0,0,0,0,0,0,0,0,0
15:41:30,-56,-30696,-56,0,0,0,0,0,0,0,0,0,0,0,0
15:41:30,-56,-30696,-57,0,0,0,0,0,0,0,0,0,0,0,0
15:41:30,-57,-30696,-57,0,0,0,0,0,0,0,0,0,0,0,0
15:41:30,-57,-30696,-57,0,0,0,0,0,0,0,0,0,0,0,0
15:41:30,-57,-30696,-58,0,0,0,0,0,0,0,0,0,0,0,0
15:41:31,-58,-30696,-58,0,0,0,0,0,0,0,0,0,0,0,0
15:41:31,-57,-30696,-57,0,0,0,0,0,0,0,0,0,0,0,0
15:41:31,-57,-30696,-58,0,0,0,0,0,0,0,0,0,0,0,0
15:41:31,-58,-30696,-58,0,0,0,0,0,0,0,0,0,0,0,0
15:41:31,-57,-30696,-57,0,0,0,0,0,0,0,0,0,0,0,0
15:41:32,-58,-30696,-58,0,0,0,0,0,0,0,0,0,0,0,0
15:41:32,-58,-30696,-57,0,0,0,0,0,0,0,0,0,0,0,0
15:41:32,-57,-30696,-57,0,0,0,0,0,0,0,0,0,0,0,0
15:41:32,-57,-30696,-57,0,0,0,0,0,0,0,0,0,0,0,0
15:41:32,-57,-30696,-57,0,0,0,0,0,0,0,0,0,0,0,0
15:41:33,-57,-30696,-56,0,0,0,0,0,0,0,0,0,0,0,0
15:41:33,-56,-30696,-56,0,0,0,0,0,0,0,0,0,0,0,0
15:41:33,-56,-30696,-56,0,0,0,0,0,0,0,0,0,0,0,0
15:41:33,-57,-30696,-57,0,0,0,0,0,0,0,0,0,0,0,0
15:41:33,-56,-30696,-56,0,0,0,0,0,0,0,0,0,0,0,0
15:41:34,-56,-30696,-56,0,0,0,0,0,0,0,0,0,0,0,0
15:41:34,-56,-30696,-56,0,0,0,0,0,0,0,0,0,0,0,0
15:41:34,-56,-30696,-56,0,0,0,0,0,0,0,0,0,0,0,0
15:41:34,-56,-30696,-56,0,0,0,0,0,0,0,0,0,0,0,0
15:41:34,-56,-30696,-56,0,0,0,0,0,0,0,0,0,0,0,0
15:41:35,-57,-30696,-57,0,0,0,0,0,0,0,0,0,0,0,0
15:41:35,-57,-30696,-57,0,0,0,0,0,0,0,0,0,0,0,0
15:41:35,-57,-30696,-57,0,0,0,0,0,0,0,0,0,0,0,0
15:41:35,-57,-30696,-57,0,0,0,0,0,0,0,0,0,0,0,0
15:41:35,-57,-30696,-57,0,0,0,0,0,0,0,0,0,0,0,0
15:41:36,-57,-30696,-57,0,0,0,0,0,0,0,0,0,0,0,0
15:41:36,-57,-30696,-57,0,0,0,0,0,0,0,0,0,0,0,0
15:41:36,-57,-30696,-57,0,0,0,0,0,0,0,0,0,0,0,0
15:41:36,-56,-30696,-56,0,0,0,0,0,0,0,0,0,0,0,0
15:41:36,-56,-30696,-56,0,0,0,0,0,0,0,0,0,0,0,0
15:41:37,-57,-30696,-57,0,0,0,0,0,0,0,0,0,0,0,0
15:41:37,-58,-30696,-58,0,0,0,0,0,0,0,0,0,0,0,0
15:41:37,-58,-30696,-58,0,0,0,0,0,0,0,0,0,0,0,0
15:41:37,-58,-30696,-58,0,0,0,0,0,0,0,0,0,0,0,0
15:41:37,-57,-30696,-57,0,0,0,0,0,0,0,0,0,0,0,0
15:41:38,-57,-30696,-57,0,0,0,0,0,0,0,0,0,0,0,0
15:41:38,-58,-30696,-58,0,0,0,0,0,0,0,0,0,0,0,0
15:41:38,-58,-30696,-58,0,0,0,0,0,0,0,0,0,0,0,0
15:41:38,-58,-30696,-57,0,0,0,0,0,0,0,0,0,0,0,0
15:41:38,-57,-30696,-58,0,0,0,0,0,0,0,0,0,0,0,0
15:41:39,-58,-30696,-58,0,0,0,0,0,0,0,0,0,0,0,0
15:41:39,-57,-30696,-57,0,0,0,0,0,0,0,0,0,0,0,0
15:41:39,-58,-30696,-58,0,0,0,0,0,0,0,0,0,0,0,0
15:41:39,-58,-30696,-58,0,0,0,0,0,0,0,0,0,0,0,0
15:41:39,-57,-30696,-57,0,0,0,0,0,0,0,0,0,0,0,0
15:41:40,-58,-30696,-57,0,0,0,0,0,0,0,0,0,0,0,0
15:41:40,-58,-30696,-58,0,0,0,0,0,0,0,0,0,0,0,0
15:41:40,-58,-30696,-58,0,0,0,0,0,0,0,0,0,0,0,0
15:41:40,-58,-30696,-58,0,0,0,0,0,0,0,0,0,0,0,0
15:41:40,-58,-30696,-58,0,0,0,0,0,0,0,0,0,0,0,0
15:41:41,-58,-30696,-58,0,0,0,0,0,0,0,0,0,0,0,0
15:41:41,-58,-30696,-58,0,0,0,0,0,0,0,0,0,0,0,0
15:41:41,-58,-30696,-58,0,0,0,0,0,0,0,0,0,0,0,0
15:41:41,-59,-30696,-58,0,0,0,0,0,0,0,0,0,0,0,0
15:41:41,-58,-30696,-57,0,0,0,0,0,0,0,0,0,0,0,0
15:41:42,-57,-30696,-57,0,0,0,0,0,0,0,0,0,0,0,0
15:41:42,-57,-30696,-57,0,0,0,0,0,0,0,0,0,0,0,0
15:41:42,-57,-30696,-58,0,0,0,0,0,0,0,0,0,0,0,0
15:41:42,-58,-30696,-58,0,0,0,0,0,0,0,0,0,0,0,0
15:41:42,-58,-30696,-58,0,0,0,0,0,0,0,0,0,0,0,0
15:41:43,-58,-30696,-58,0,0,0,0,0,0,0,0,0,0,0,0
15:41:43,-58,-30696,-58,0,0,0,0,0,0,0,0,0,0,0,0
15:41:43,-58,-30696,-58,0,0,0,0,0,0,0,0,0,0,0,0
15:41:43,-58,-30696,-58,0,0,0,0,0,0,0,0,0,0,0,0
15:41:43,-58,-30696,-58,0,0,0,0,0,0,0,0,0,0,0,0
15:41:44,-58,-30696,-58,0,0,0,0,0,0,0,0,0,0,0,0
15:41:44,-58,-30696,-58,0,0,0,0,0,0,0,0,0,0,0,0
15:41:44,-58,-30696,-59,0,0,0,0,0,0,0,0,0,0,0,0
15:41:44,-58,-30696,-58,0,0,0,0,0,0,0,0,0,0,0,0
15:41:44,-58,-30696,-58,0,0,0,0,0,0,0,0,0,0,0,0
15:41:45,-58,-30696,-57,0,0,0,0,0,0,0,0,0,0,0,0
15:41:45,-57,-30696,-58,0,0,0,0,0,0,0,0,0,0,0,0
15:41:45,-58,-30696,-58,0,0,0,0,0,0,0,0,0,0,0,0
15:41:45,-58,-30696,-58,0,0,0,0,0,0,0,0,0,0,0,0
15:41:45,-58,-30696,-58,0,0,0,0,0,0,0,0,0,0,0,0
15:41:46,-58,-30696,-58,0,0,0,0,0,0,0,0,0,0,0,0
15:41:46,-58,-30696,-58,0,0,0,0,0,0,0,0,0,0,0,0
15:41:46,-58,-30696,-58,0,0,0,0,0,0,0,0,0,0,0,0
15:41:46,-58,-30696,-58,0,0,0,0,0,0,0,0,0,0,0,0
15:41:46,-59,-30696,-58,0,0,0,0,0,0,0,0,0,0,0,0
